# ************************************************************
# Sequel Pro SQL dump
# Version 3408
#
# http://www.sequelpro.com/
# http://code.google.com/p/sequel-pro/
#
# Host: 127.0.0.1 (MySQL 5.5.25)
# Database: BeerBucks
# Generation Time: 2013-07-10 03:06:51 +0000
# ************************************************************


/*!40101 SET @OLD_CHARACTER_SET_CLIENT=@@CHARACTER_SET_CLIENT */;
/*!40101 SET @OLD_CHARACTER_SET_RESULTS=@@CHARACTER_SET_RESULTS */;
/*!40101 SET @OLD_COLLATION_CONNECTION=@@COLLATION_CONNECTION */;
/*!40101 SET NAMES utf8 */;
/*!40014 SET @OLD_FOREIGN_KEY_CHECKS=@@FOREIGN_KEY_CHECKS, FOREIGN_KEY_CHECKS=0 */;
/*!40101 SET @OLD_SQL_MODE=@@SQL_MODE, SQL_MODE='NO_AUTO_VALUE_ON_ZERO' */;
/*!40111 SET @OLD_SQL_NOTES=@@SQL_NOTES, SQL_NOTES=0 */;


# Dump of table activity
# ------------------------------------------------------------

DROP TABLE IF EXISTS `activity`;

CREATE TABLE `activity` (
  `activity_id` varchar(13) NOT NULL DEFAULT '',
  `user_id` varchar(13) NOT NULL DEFAULT '',
  `seen` int(1) DEFAULT '0',
  PRIMARY KEY (`activity_id`),
  KEY `user_id` (`user_id`),
  CONSTRAINT `activity_ibfk_1` FOREIGN KEY (`user_id`) REFERENCES `users` (`user_id`) ON DELETE CASCADE ON UPDATE CASCADE
) ENGINE=InnoDB DEFAULT CHARSET=latin1;



# Dump of table friends
# ------------------------------------------------------------

DROP TABLE IF EXISTS `friends`;

CREATE TABLE `friends` (
  `friendship_id` varchar(13) NOT NULL DEFAULT '',
  `user1_id` varchar(13) DEFAULT NULL,
  `user2_id` varchar(13) DEFAULT NULL,
  `active` int(1) DEFAULT NULL,
  `date_of_req` timestamp NULL DEFAULT '0000-00-00 00:00:00',
  `date_of_accept` timestamp NULL DEFAULT '0000-00-00 00:00:00',
  PRIMARY KEY (`friendship_id`),
  KEY `user1_id` (`user1_id`),
  KEY `user2_id` (`user2_id`),
  CONSTRAINT `user1_id` FOREIGN KEY (`user1_id`) REFERENCES `users` (`user_id`),
  CONSTRAINT `user2_id` FOREIGN KEY (`user2_id`) REFERENCES `users` (`user_id`)
) ENGINE=InnoDB DEFAULT CHARSET=latin1;

LOCK TABLES `friends` WRITE;
/*!40000 ALTER TABLE `friends` DISABLE KEYS */;

INSERT INTO `friends` (`friendship_id`, `user1_id`, `user2_id`, `active`, `date_of_req`, `date_of_accept`)
VALUES
	('51c2e9c8c02e1','51c14dda56f23','51c2dd1768f27',1,'2013-06-20 00:00:00','2013-06-23 00:00:00'),
	('51c2ed6c81960','51c18a5e65394','51a6f29fa6c82',1,'2013-06-20 00:00:00','2013-06-26 00:00:00'),
	('51c39c70aa607','51c18a5e65394','51c2b8246a788',0,'2013-06-21 00:00:00','2013-06-26 00:00:00'),
	('51c57925314f6','51c5712ca9baf','51a6f29fa6c82',2,'2013-06-22 00:00:00','2013-06-26 00:00:00'),
	('51cafaceaf0fa','51cafabe1f64e','51c18a5e65394',2,'2013-06-26 00:00:00','2013-06-24 00:00:00'),
	('51cb4c9ebfa0c','51cb4c89203b3','51c18a5e65394',1,'2013-06-26 00:00:00','2013-06-24 00:00:00'),
	('51cb82ce05678','51cb80c5a4707','51c18a5e65394',1,'2013-06-27 02:09:50','2013-06-27 02:11:35'),
	('51d467dd2b68f','51d467d2864c8','51c18a5e65394',1,'2013-07-03 08:05:17','2013-07-04 03:46:36'),
	('51d4ca1d80cf1','51c18a5e65394','51c2a88e99624',0,'2013-07-04 03:04:29','0000-00-00 00:00:00'),
	('51d4ca520d33d','51c18a5e65394','51c2a5da66972',0,'2013-07-04 03:05:22','0000-00-00 00:00:00'),
	('51d4d265b9560','51c18a5e65394','51c2dd1768f27',0,'2013-07-04 03:39:49','0000-00-00 00:00:00'),
	('51d508aa1a44f','51c18a5e65394','51ad911c2a6bd',0,'2013-07-04 07:31:22','0000-00-00 00:00:00'),
	('51d5e54ec15c1','51d5b6052116b','51c18a5e65394',1,'2013-07-04 11:12:46','2013-07-05 06:58:16'),
	('51d65009a6dc9','51c18a5e65394','51caff454a56d',0,'2013-07-05 06:48:09','0000-00-00 00:00:00'),
	('51da448f8e15c','51c18a5e65394','51ad8c6b77abc',0,'2013-07-08 06:48:15','0000-00-00 00:00:00');

/*!40000 ALTER TABLE `friends` ENABLE KEYS */;
UNLOCK TABLES;


# Dump of table parties
# ------------------------------------------------------------

DROP TABLE IF EXISTS `parties`;

CREATE TABLE `parties` (
  `party_id` varchar(13) NOT NULL DEFAULT '',
  `user_id` varchar(13) NOT NULL DEFAULT '',
  `date_created` timestamp NOT NULL DEFAULT '0000-00-00 00:00:00',
  `date_edited` timestamp NOT NULL DEFAULT '0000-00-00 00:00:00',
  `tos` int(1) NOT NULL,
  `title` varchar(25) DEFAULT NULL,
  `description` varchar(245) DEFAULT NULL,
  `party_img` varchar(32) DEFAULT NULL,
  `party_location` varchar(100) DEFAULT NULL,
  `address` varchar(100) DEFAULT NULL,
  `start` timestamp NOT NULL DEFAULT '0000-00-00 00:00:00',
  `end` timestamp NOT NULL DEFAULT '0000-00-00 00:00:00',
  `goal` decimal(10,0) DEFAULT NULL,
  `attending` int(11) DEFAULT NULL,
  `expired` int(1) DEFAULT NULL,
  `party_timezone` decimal(5,0) DEFAULT NULL,
  PRIMARY KEY (`party_id`),
  KEY `user_id` (`user_id`),
  CONSTRAINT `party_ibfk_1` FOREIGN KEY (`user_id`) REFERENCES `users` (`user_id`) ON DELETE CASCADE ON UPDATE CASCADE
) ENGINE=InnoDB DEFAULT CHARSET=latin1;

LOCK TABLES `parties` WRITE;
/*!40000 ALTER TABLE `parties` DISABLE KEYS */;

INSERT INTO `parties` (`party_id`, `user_id`, `date_created`, `date_edited`, `tos`, `title`, `description`, `party_img`, `party_location`, `address`, `start`, `end`, `goal`, `attending`, `expired`, `party_timezone`)
VALUES
	('51a7d833ef05d','51a6f29fa6c82','2013-06-21 02:12:24','0000-00-00 00:00:00',1,'Jazy Jeff\'s Jazzy Party','Jazzy Jeff\'s throwing a huge jazzy jaz party for all his jazzy jaz fans. If you\'re a jaz fan and want to jaz out with Jazzy Jeff donate now!','51a7d726bd03e.jpg','Orlando, FL','123 red rock rd.','2013-05-30 12:00:00','2013-05-30 12:00:00',234,0,1,NULL),
	('51a7d8e5d094f','51a6f29fa6c82','2013-07-01 16:49:28','0000-00-00 00:00:00',1,'awefewaf','Sum up your party in 200 characters. Try to describe what you plan kind of party it is, if there is a theme, what you plan on doing, and what you will spend the money on. (drinks, food, games, ect.)','51a7d726bd03e.jpg','awefaewf','awefawef','2013-05-30 12:00:00','2013-06-30 12:00:00',52342,0,1,NULL),
	('51a7d9e524c6a','51a6f29fa6c82','2013-06-21 02:12:24','0000-00-00 00:00:00',1,'wfwefaw','Sum up your party in 200 characters. Try to describe what you plan kind of party it is, if there is a theme, what you plan on doing, and what you will spend the money on. (drinks, food, games, ect.)','51a7d9268ba20.jpg','awefwef','awfwefwef','2013-05-30 12:00:00','2013-05-30 12:00:00',234324,0,1,NULL),
	('51a7db7042924','51a6f29fa6c82','2013-06-21 02:12:24','0000-00-00 00:00:00',1,'bhjkbhjb','Sum up your party in 200 characters. Try to describe what you plan kind of party it is, if there is a theme, what you plan on doing, and what you will spend the money on. (drinks, food, games, ect.) ','51a7db4178dea.jpg','ewfewafr','wefaewaf','2013-05-30 01:38:00','2013-05-30 01:45:00',123213,0,1,NULL),
	('51a7e0a4932b7','51a6f29fa6c82','2013-06-21 02:06:36','0000-00-00 00:00:00',1,'aberungkjreh','Sum up your party in 200 characters. Try to describe what you plan kind of party it is, if there is a theme, what you plan on doing, and what you will spend the money on. (drinks, food, games, ect.)','51a7da4a48285.jpg','fawefwef','awfwef','2013-05-30 12:00:00','2013-05-30 12:00:00',1123,0,1,NULL),
	('51a7e807c3091','51a6f29fa6c82','2013-06-21 02:06:36','0000-00-00 00:00:00',1,'fawefew','awefwef','51a7e7ee743c4.jpg','fawef','aewfawef','2013-05-30 12:00:00','2013-05-30 12:00:00',24323,0,1,NULL),
	('51a7eca3e9894','51a6f29fa6c82','2013-06-21 02:06:36','0000-00-00 00:00:00',1,'fawfew','fwaeawef','51a7ec7fef882.jpg','fawefawe','feafew','2013-05-31 01:51:00','2013-05-30 11:59:00',999,0,1,NULL),
	('51a8273e9d484','51a6f29fa6c82','2013-06-21 02:06:36','0000-00-00 00:00:00',1,'faweaf','fwefew','51a826219d54f.jpg','aewrfew','ewafawef','2013-05-31 12:00:00','2013-06-20 07:33:00',23,0,1,NULL),
	('51adac40acfd3','51a6f29fa6c82','2013-06-21 02:06:36','0000-00-00 00:00:00',1,'wfaefwef','wefwea','51ada90a526d2.jpg','fweafawef','wefwaef','2013-06-04 12:00:00','2013-06-04 12:00:00',123,0,1,NULL),
	('51adbd2cb05f6','51a6f29fa6c82','2013-06-21 02:06:36','0000-00-00 00:00:00',1,'parrttyyy','Sum up your party in 200 characters. Try to describe what you plan kind of party it is, if there is a theme, what you plan on doing, and what you will spend the money on. (drinks, food, games, ect.)','51adbb4517958.jpg','afwef','awfaewf','2013-06-04 12:00:00','2013-06-04 12:00:00',1234,5,1,NULL),
	('51adf2c108de1','51a6f29fa6c82','2013-06-21 02:06:36','0000-00-00 00:00:00',1,'fwefwef','wefewfwe','51adf2b0e4d3d.jpg','fwefwef','wefewf','2013-06-04 12:00:00','2013-06-04 12:00:00',111,2,1,NULL),
	('51adf8ea81d75','51a6f29fa6c82','2013-06-21 02:06:36','0000-00-00 00:00:00',1,'test test','Sum up your party in 200 characters. Try to describe what you plan kind of party it is, if there is a theme, what you plan on doing, and what you will spend the money on. (drinks, food, games, ect.) ','51adf8d86275a.jpg','awefawe','fawefwe','2013-06-04 12:00:00','2013-06-04 12:00:00',213,12,1,NULL),
	('51ae65ec5a377','51a6f29fa6c82','2013-06-21 02:06:36','0000-00-00 00:00:00',1,'hello','Sum up your party in 200 characters. Try to describe what you plan kind of party it is, if there is a theme, what you plan on doing, and what you will spend the money on. (drinks, food, games, ect.) ','51ae65d6ce457.jpg','Orlando, FL','23 wqd','2013-06-04 12:00:00','2013-06-04 12:00:00',231,0,1,NULL),
	('51af73005c6d2','51a6f29fa6c82','2013-06-21 02:06:36','0000-00-00 00:00:00',1,'fwefwef','Sum up your party in 200 characters. Try to describe what you plan kind of party it is, if there is a theme, what you plan on doing, and what you will spend the money on. (drinks, food, games, ect.)','51af72f261a19.jpg','fwefe','ewfew','2013-06-05 12:00:00','2013-06-05 12:00:00',3123,0,1,NULL),
	('51af73026f20a','51a6f29fa6c82','2013-06-21 02:06:36','0000-00-00 00:00:00',1,'fwefwef','Sum up your party in 200 characters. Try to describe what you plan kind of party it is, if there is a theme, what you plan on doing, and what you will spend the money on. (drinks, food, games, ect.)','51af72f261a19.jpg','fwefe','ewfew','2013-06-05 12:00:00','2013-06-05 12:00:00',3123,0,1,NULL),
	('51af78e263f5b','51a6f29fa6c82','2013-06-21 02:06:36','0000-00-00 00:00:00',1,'cdscas','Sum up your party in 200 characters. Try to describe what you plan kind of party it is, if there is a theme, what you plan on doing, and what you will spend the money on. (drinks, food, games, ect.)','51af7335efaff.jpg','fwafew','qwfqwf','2013-06-05 12:00:00','2013-06-05 12:00:00',12313,0,1,NULL),
	('51b2527659227','51a6f29fa6c82','2013-06-21 02:06:36','0000-00-00 00:00:00',1,'jklnbhjknhbj','Sum up your party in 200 characters. Try to describe what you plan kind of party it is, if there is a theme, what you plan on doing, and what you will spend the money on. (drinks, food, games, ect.)','51b25240e6a7f.jpg','hjkbhj','jhbhjkbkhj','2013-06-07 12:00:00','2013-06-07 07:32:00',8768,0,1,NULL),
	('51bf8918f212a','51a6f29fa6c82','2013-06-21 02:06:36','0000-00-00 00:00:00',1,'Parttyyy','Sum up your party in 200 characters. Try to describe what you plan kind of party it is, if there is a theme, what you plan on doing, and what you will spend the money on. (drinks, food, games, ect.)','51bf88f3df396.jpg','Orlando, Fl','12321edewfdwe','2013-06-17 12:00:00','2013-06-17 08:26:00',324,0,1,NULL),
	('51bfe67232c53','51a6f29fa6c82','2013-06-21 02:06:36','0000-00-00 00:00:00',1,'efwfewf','wefewfwe','51bfe6348c551.jpg','Orlando, Fl','123213 ','2013-06-18 12:00:00','2013-06-18 12:00:00',3213,0,1,NULL),
	('51c006c814208','51a6f29fa6c82','2013-07-01 16:49:28','0000-00-00 00:00:00',1,'Yoooo','Sum up your party in 200 characters. Try to describe what you plan kind of party it is, if there is a theme, what you plan on doing, and what you will spend the money on. (drinks, food, games, ect.)','51c002a193312.jpg','Orlando, FL','fawefwe','2013-06-30 12:00:00','2013-06-18 12:00:00',123,0,1,NULL),
	('51c228fc5cbd1','51c18a5e65394','2013-06-24 05:32:33','0000-00-00 00:00:00',1,'Party title','Sum up your party in 200 characters. Try to describe what you plan kind of party it is, if there is a theme, what you plan on doing, and what you will spend the money on. (drinks, food, games, ect.)','51c228c011ed2.jpg','Orlando, Fl','123 Orlando','2013-06-24 03:46:00','2013-06-20 12:00:00',123,0,1,NULL),
	('51c22b5debf6d','51c18a5e65394','2013-06-21 21:51:11','0000-00-00 00:00:00',1,'Parttyk','Sum up your party in 200 characters. Try to describe what you plan kind of party it is, if there is a theme, what you plan on doing, and what you will spend the money on. (drinks, food, games, ect.)','51c22b21383fe.jpg','Orlando, FL','23dsaf','2013-06-22 03:46:00','2013-06-19 12:00:00',23421,0,1,0),
	('51c40a7d229cc','51c18a5e65394','2013-07-03 14:31:44','0000-00-00 00:00:00',1,'New Party','Sum up your party in 200 characters. Try to describe what you plan kind of party it is, if there is a theme, what you plan on doing, and what you will spend the money on. (drinks, food, games, ect.)','51d46e0d1e039.jpg','Orlando, FL','123123','2013-06-21 04:15:00','2013-06-22 08:21:00',123,0,1,NULL),
	('51c41fa9d1bd9','51c18a5e65394','2013-06-28 14:24:02','0000-00-00 00:00:00',1,'11eqwdwqd','fwefweewf','51c40e8ecedaa.jpg','Orlando, FL','123ffefw','2013-06-21 11:28:00','2013-06-28 12:39:00',213123,0,1,-6),
	('51c420f63e776','51c18a5e65394','2013-06-22 00:02:08','0000-00-00 00:00:00',1,'Time is dumb','Sum up your party in 200 characters. Try to describe what you plan kind of party it is, if there is a theme, what you plan on doing, and what you will spend the money on. (drinks, food, games, ect.)','51c420d69dc76.jpg','wfwefwe','wefewfwef','2013-06-21 13:30:00','2013-06-22 06:00:00',123,0,1,-6),
	('51c4218cb063a','51c18a5e65394','2013-06-25 02:14:36','0000-00-00 00:00:00',1,'1 hour from 5:49','wefwefwef','51c4216f698c8.jpg','fwefwefwe','wefwefewfwe','2013-06-21 12:49:00','2013-06-25 06:00:00',31231,0,1,-6),
	('51c42afd370bf','51c18a5e65394','2013-06-28 14:24:02','0000-00-00 00:00:00',1,'Ends at 6:30','fwefwefwe','51c42aea51851.jpg','fewfwef','wefewf','2013-06-21 12:30:00','2013-06-28 06:00:00',3123,0,1,-6),
	('51c42ba5e4bd5','51c18a5e65394','2013-06-28 14:24:02','0000-00-00 00:00:00',1,'end at 633','wdqwdqwd','51c42b92bf1b0.jpg','ewfewfwe','ewfwefwef','2013-06-21 12:33:00','2013-06-28 06:00:00',23324,0,1,-6),
	('51c42c82ef342','51c18a5e65394','2013-06-29 08:34:34','0000-00-00 00:00:00',1,'wefewf','wefwefw','51c42c6c4f226.jpg','wefwef','wfwefefew','2013-06-21 12:36:00','2013-06-29 06:00:00',3453,0,1,-6),
	('51c42d1d2475a','51c18a5e65394','2013-06-21 06:46:50','0000-00-00 00:00:00',1,'fwefewf','fwefwefewf','51c42d0cd529e.jpg','fwefewf','fewfwef','2013-06-21 12:39:00','2013-06-21 06:00:00',213123,0,1,-6),
	('51c42da845c58','51c18a5e65394','2013-06-21 06:46:50','0000-00-00 00:00:00',1,'wefwef','ewefewf','51c42d9722d41.jpg','ewfwef','efwefewf','2013-06-21 12:41:00','2013-06-21 06:00:00',32,0,1,-6),
	('51c42e15f0883','51c18a5e65394','2013-06-21 06:46:50','0000-00-00 00:00:00',1,'qwdqwd','qwdwqdqw','51c42e0682507.jpg','fwefwf','wefwef','2013-06-21 12:43:00','2013-06-21 06:00:00',32,0,1,-6),
	('51c42f1971b41','51c18a5e65394','2013-06-21 06:50:46','0000-00-00 00:00:00',1,'fwefef','wefwefwef','51c42f06254b5.jpg','fwefwef','wfwefewf','2013-06-21 12:49:00','2013-06-21 06:00:00',23423,0,1,-6),
	('51c43022e20fa','51c18a5e65394','2013-06-21 06:52:47','0000-00-00 00:00:00',1,'fwefawef','fwefweff','51c43011aa039.jpg','fefef','wefewf','2013-06-21 12:52:00','2013-06-21 06:00:00',12,0,1,-6),
	('51c45d12aa40c','51c18a5e65394','2013-06-22 19:48:08','0000-00-00 00:00:00',1,'fwefwf','fwefwef','51c45cf914694.jpg','fwefewf','fewefwe','2013-06-21 16:05:00','2013-06-22 16:02:00',4324,0,1,-6),
	('51c45dca47251','51c18a5e65394','2013-06-21 10:18:40','0000-00-00 00:00:00',1,'cscdsc','cwqced','51c45db0e82c9.jpg','fwefwef','wefwef','2013-06-21 16:06:00','2013-06-21 06:00:00',2321,0,1,-6),
	('51c45defc8be1','51c18a5e65394','2013-06-21 10:18:40','0000-00-00 00:00:00',1,'cewcw','cewce','51c45ddbaacbf.jpg','fewfw','ewfwefwef','2013-06-21 16:08:00','2013-06-21 06:00:00',12323,0,1,-6),
	('51c45fb0c70b1','51c18a5e65394','2013-06-27 10:07:55','0000-00-00 00:00:00',1,'fvsdfse','fdsfdsf','51c45f9a6ec5d.jpg','fewfwf','fwefwef','2013-06-21 16:21:00','2013-06-27 06:00:00',321,0,1,-6),
	('51c462a552b10','51c18a5e65394','2013-06-21 10:40:30','0000-00-00 00:00:00',1,'fewfwef','wefweffe','51c4628e9114c.jpg','fwefew','fwefwef','2013-06-21 16:28:00','2013-06-21 06:00:00',3123,0,1,-6),
	('51c4645425ddf','51c18a5e65394','2013-06-21 10:40:30','0000-00-00 00:00:00',1,'ewfwf','wefwef','51c4644387028.jpg','ewfewf','fwefwef','2013-06-21 16:35:00','2013-06-21 06:00:00',123213,0,1,-6),
	('51c4652433029','51c18a5e65394','2013-06-21 10:40:30','0000-00-00 00:00:00',1,'efewfwef','fwefwe','51c46502721fe.jpg','fwefwe','wfwefwef','2013-06-21 16:40:00','2013-06-21 06:00:00',312312,0,1,-6),
	('51c4662f4ac1d','51c18a5e65394','2013-06-21 10:43:54','0000-00-00 00:00:00',1,'dscdsc','cdscdsc','51c466190d97f.jpg','cdscdscds','csdcdsc','2013-06-21 16:43:00','2013-06-21 06:00:00',4324,0,1,-6),
	('51c466d0286ec','51c18a5e65394','2013-07-01 21:10:23','0000-00-00 00:00:00',1,'cdscssdc','reffwef','51c466bdc80e4.jpg','fwfwef','fwefew','2013-07-02 05:10:00','2013-06-21 06:00:00',123,0,1,-6),
	('51c4676e1149f','51c18a5e65394','2013-06-21 10:49:19','0000-00-00 00:00:00',1,'efwefwf','refwefewf','51c4675f26343.jpg','ewfewf','efwefwe','2013-06-21 16:48:00','2013-06-21 06:00:00',324,0,1,-6),
	('51c467e5cbeb1','51c18a5e65394','2013-06-21 10:50:07','0000-00-00 00:00:00',1,'ewffew','erfgwef','51c467d69adbe.jpg','dscdsc','cvdscdsc','2013-06-21 16:50:00','2013-06-21 06:00:00',322,0,1,-6),
	('51c4686361ebb','51c18a5e65394','2013-06-21 21:00:55','0000-00-00 00:00:00',1,'cdscdsc','dsvsd','51c4684db1ac0.jpg','dsvsv','vsdvsd','2013-06-21 17:52:00','2013-06-21 06:00:00',312312,0,1,-6),
	('51c4f971ec66a','51c18a5e65394','2013-07-01 16:49:28','0000-00-00 00:00:00',1,'weewffe','fesfwefe','51c4f95a68b32.jpg','fwefef','fwefefwe','2013-06-23 15:11:00','2013-06-30 06:00:00',123,0,1,-6),
	('51c4fa0ca6250','51c18a5e65394','2013-06-22 19:48:08','0000-00-00 00:00:00',1,'fwefewf','wefwef','51c4f9ed41acb.jpg','ewfwef','wefwef','2013-06-22 16:14:00','2013-06-22 15:12:00',3213,0,1,-6),
	('51c4fbe972ab4','51c18a5e65394','2013-06-22 19:48:08','0000-00-00 00:00:00',1,'waefewf','fawfewf','51c4fbd41bc68.jpg','wefefwe','fewfwe','2013-06-22 16:22:00','2013-06-22 15:20:00',123,0,1,-6),
	('51c4fcd08058a','51c18a5e65394','2013-06-22 19:48:08','0000-00-00 00:00:00',1,'ewfwef','fwefewf','51c4fcbcac497.jpg','efewfewf','wfefewf','2013-06-22 16:26:00','2013-06-21 06:00:00',123,0,1,-6),
	('51c4fd7aa7eaf','51c18a5e65394','2013-06-22 19:48:08','0000-00-00 00:00:00',1,'fwefwf','wefewf','51c4fd6ab6163.jpg','ewfewfew','fefew','2013-06-22 16:29:00','2013-06-21 06:00:00',34,0,1,-6),
	('51c4ff6ba7f44','51c18a5e65394','2013-06-22 19:48:08','0000-00-00 00:00:00',1,'efwwef','fwefweff','51c4ff586c14c.jpg','fewfewf','wefwefwe','2013-06-22 16:36:00','2013-06-21 06:00:00',123123,0,1,-6),
	('51c500017321a','51c18a5e65394','2013-07-01 16:49:28','0000-00-00 00:00:00',1,'ewfef','ffewfwe','51c4ffe6bca52.jpg','wefewf','erfwefewf','2013-06-22 16:38:00','2013-06-29 17:00:00',23213,0,1,-6),
	('51c50021cffff','51c18a5e65394','2013-06-22 19:48:08','0000-00-00 00:00:00',1,'r32r32r`wefwe','23r32r32r','51c5000f4f162.jpg','fwefewf','weewfe','2013-06-22 16:40:00','2013-06-21 06:00:00',123,0,1,-6),
	('51c5009e37f53','51c18a5e65394','2013-06-22 19:48:08','0000-00-00 00:00:00',1,'ewfewf','ewfweff','51c5008db2a30.jpg','fwefwef','fwefwef','2013-06-22 16:42:00','2013-06-21 06:00:00',32,0,1,-6),
	('51c5018b754b4','51c18a5e65394','2013-06-22 19:48:08','0000-00-00 00:00:00',1,'fwefwe','fwefwe','51c501710e2e0.jpg','ewfwef','fwefwef','2013-06-22 16:46:00','2013-06-21 06:00:00',322,0,1,-6),
	('51c5033de3da2','51c18a5e65394','2013-06-22 19:48:08','0000-00-00 00:00:00',1,'vcdsv','vsdvds','51c5031b5dc32.jpg','dvsvf','vsdvsv','2013-06-22 16:53:00','2013-06-22 15:51:00',3213,0,1,-6),
	('51c505d4a747b','51c18a5e65394','2013-06-22 19:48:08','0000-00-00 00:00:00',1,'wefewf','fwefew','51c505bd74926.jpg','fwefew','wfwefwef','2013-06-22 17:03:00','2013-06-21 06:00:00',324,0,1,-6),
	('51c50602c6a59','51c18a5e65394','2013-06-22 19:48:08','0000-00-00 00:00:00',1,'wwefwef','ewfwef','51c505e5afd96.jpg','fewff','wefwef','2013-06-22 17:05:00','2013-06-21 06:00:00',213,0,1,-6),
	('51c506ef7fbbf','51c18a5e65394','2013-06-21 22:07:53','0000-00-00 00:00:00',1,'awefwef','wefwef','51c506dd15591.jpg','fewfewf','ewfwefw','2013-06-21 17:10:00','2013-06-21 16:07:00',21321,0,1,-6),
	('51c5074f48ebb','51c18a5e65394','2013-06-21 23:14:27','0000-00-00 00:00:00',1,'fwefwef','ffwefwef','51c5073ad5c96.jpg','wefewf','wefewf','2013-06-22 05:12:00','2013-06-21 06:00:00',213,0,1,-6),
	('51c50892d8490','51c18a5e65394','2013-06-21 23:29:38','0000-00-00 00:00:00',1,'awefwef','jnjnbjkn','51c50881c2249.jpg','fwefwef','wefwef','2013-06-22 05:15:00','2013-06-21 06:00:00',76,0,1,-6),
	('51c50965950ca','51c18a5e65394','2013-06-21 23:29:38','0000-00-00 00:00:00',1,'fwefew','fewfwef','51c5094b6ce46.jpg','wefew','ewfwe','2013-06-22 05:20:00','2013-06-21 06:00:00',123,0,1,-6),
	('51c50a5349328','51c18a5e65394','2013-06-21 23:29:38','0000-00-00 00:00:00',1,'fewfwef','wfefewf','51c50a41c3112.jpg','fwefwef','wefwefw','2013-06-22 05:24:00','2013-06-21 06:00:00',123,0,1,-6),
	('51c50b638eae6','51c18a5e65394','2013-06-21 23:29:38','0000-00-00 00:00:00',1,'fweewf','eewfwef','51c50b4e66c7e.jpg','ewfef','wefewfwe','2013-06-22 05:28:00','2013-06-21 06:00:00',213,0,1,-6),
	('51c50c521225b','51c18a5e65394','2013-06-21 23:32:03','0000-00-00 00:00:00',1,'fewfewf','fewfewf','51c50c3bc6bc1.jpg','ewfewfew','wefwefew','2013-06-22 05:32:00','2013-06-21 06:00:00',132,0,1,-6),
	('51c50cde59938','51c18a5e65394','2013-06-22 00:02:08','0000-00-00 00:00:00',1,'fewfewfwe','fwefewfwe','51c50cca2506a.jpg','wefewfwe','wefwefew','2013-06-22 05:34:00','2013-06-21 06:00:00',123,0,1,-6),
	('51c50d694e49a','51c18a5e65394','2013-06-22 00:02:08','0000-00-00 00:00:00',1,'fwefew','fwefewf','51c50d5707fb4.jpg','wefewfwe','fwefewf','2013-06-22 05:37:00','2013-06-22 04:35:00',34324,0,1,-6),
	('51c50e2c5153d','51c18a5e65394','2013-06-22 00:02:08','0000-00-00 00:00:00',1,'fwefewewf','2ewfewf','51c50e1a37e13.jpg','wefwef','wefwfwef','2013-06-22 05:40:00','2013-06-21 06:00:00',2133,0,1,-6),
	('51c50ec8ab320','51c18a5e65394','2013-06-22 00:02:08','0000-00-00 00:00:00',1,'fwefewf','wefewfewf','51c50eb762f43.jpg','ewfewfe','ewfwefe','2013-06-22 05:43:00','2013-06-21 06:00:00',2132,0,1,-6),
	('51c5101e2b1cc','51c18a5e65394','2013-06-22 00:02:08','0000-00-00 00:00:00',1,'fewffew','fwefwef','51c5100b25e3d.jpg','fewfewf','fwefwef','2013-06-22 05:48:00','2013-06-21 06:00:00',34,0,1,-6),
	('51c510c591091','51c18a5e65394','2013-06-22 00:02:08','0000-00-00 00:00:00',1,'wefeff','efwefwef','51c510b43120d.jpg','fefewf','wefewfwe','2013-06-22 05:51:00','2013-06-21 06:00:00',23,0,1,-6),
	('51c512a8468bb','51c18a5e65394','2013-06-22 00:02:08','0000-00-00 00:00:00',1,'ewfwef','fewewfe','51c51294d9e14.jpg','fwefewf','weffwefw','2013-06-22 05:59:00','2013-06-21 06:00:00',123,0,1,-6),
	('51c513b8c7944','51c18a5e65394','2013-06-22 01:11:29','0000-00-00 00:00:00',1,'fwefewf','wfefw','51c51399ed897.jpg','ewfewf','wfewfwef','2013-06-22 07:05:00','2013-06-21 06:00:00',234324,0,1,-6),
	('51c513ff8c1c5','51c18a5e65394','2013-06-23 00:07:11','0000-00-00 00:00:00',1,'fewfwef','fwefew','51c513d146269.jpg','fwefew','fweewfewf','2013-06-23 06:05:00','2013-06-21 06:00:00',123,0,1,-6),
	('51c515725cc86','51c18a5e65394','2013-06-23 04:28:03','0000-00-00 00:00:00',1,'ewfwef','fwefewf','51c5155a666f3.jpg','fwefew','wefwefewf','2013-06-23 06:11:00','2013-06-21 06:00:00',123,0,1,-6),
	('51c51769a0f26','51c18a5e65394','2013-06-21 23:29:38','0000-00-00 00:00:00',1,'vdsvdsv','vsdvdsv','51c5175a43f7b.jpg','fewfewf','ewfwefew','2013-06-22 05:19:00','2013-06-21 06:00:00',23,0,1,-6),
	('51c5181a0b189','51c18a5e65394','2013-06-21 23:29:38','0000-00-00 00:00:00',1,'ewfew','fwefwef','51c5180a7b1e8.jpg','wefewf','efwfewf','2013-06-22 05:22:00','2013-06-21 06:00:00',123,0,1,-6),
	('51c5192e53287','51c18a5e65394','2013-06-21 23:29:38','0000-00-00 00:00:00',1,'ewfeewfew','kjnkjnkj','51c5191ec01f6.jpg','ewfef','wefwef','2013-06-22 05:28:00','2013-06-21 06:00:00',123213,0,1,-6),
	('51c51b7b40424','51c18a5e65394','2013-06-22 00:02:08','0000-00-00 00:00:00',1,'vsdvfe','sdvsdv','51c51b5c31954.jpg','fewfewf','wefewf','2013-06-21 06:38:00','2013-06-21 06:00:00',123,0,1,-6),
	('51c51bda4ab73','51c18a5e65394','2013-06-23 04:28:03','0000-00-00 00:00:00',1,'wefwef','fwefwef','51c51b895140d.jpg','wefwef','fwefwef','2013-06-23 06:39:00','2013-06-21 06:00:00',234,0,1,-6),
	('51c51c8277b69','51c18a5e65394','2013-06-23 00:07:11','0000-00-00 00:00:00',1,'fwefew','fwefewf','51c51c6f60e30.jpg','wefewf','fwefwef','2013-06-23 05:43:00','2013-06-21 06:00:00',2321,0,1,-6),
	('51c51dd45debf','51c18a5e65394','2013-06-22 00:02:08','0000-00-00 00:00:00',1,'ewfewf','fewewfewf','51c51dc2088cf.jpg','ewfewfe','wefewfwef','2013-06-22 05:47:00','2013-06-21 06:00:00',123,0,1,-6),
	('51c51df4271c3','51c18a5e65394','2013-06-23 00:07:11','0000-00-00 00:00:00',1,'wqdwqdq','qeqwdqd','51c51de1dd8dd.jpg','fewfef','ewfwefw','2013-06-23 05:47:00','2013-06-21 06:00:00',123,0,1,-6),
	('51c51ea014e8c','51c18a5e65394','2013-06-23 00:07:11','0000-00-00 00:00:00',1,'wfewfew','wefewfwe','51c51e8e6fd5c.jpg','wefef','fewfewf','2013-06-23 05:49:00','2013-06-21 06:00:00',123,0,1,-6),
	('51c51f4d5df03','51c18a5e65394','2013-06-23 00:07:11','0000-00-00 00:00:00',1,'weffwef','fwefewfewf','51c51f3582042.jpg','ewfefewf','wefewfew','2013-06-23 05:53:00','2013-06-21 06:00:00',123,0,1,-6),
	('51c532ede6035','51c18a5e65394','2013-06-22 01:15:37','0000-00-00 00:00:00',1,'escds','fwefwef','51c532ded4869.jpg','fggfd','gegergre','2013-06-22 06:00:00','2013-06-22 06:00:00',342,0,1,-6),
	('51c54837183af','51c2dd1768f27','2013-07-01 16:49:28','0000-00-00 00:00:00',1,'testt','Sum up your party in 200 characters. Try to describe what you plan kind of party it is, if there is a theme, what you plan on doing, and what you will spend the money on. (drinks, food, games, ect.)','51ccce47505b6.jpg','fwefewfew','wefwefwef','2013-06-30 11:46:00','2013-06-22 06:00:00',123213,0,1,-6),
	('51c6d3dcc18a2','51c18a5e65394','2013-06-24 09:25:24','0000-00-00 00:00:00',1,'fawefweaf','fwefwef','51c6d3b6e8212.jpg','wefaefwef','ewfewff','2013-06-24 13:56:00','2013-06-23 06:00:00',123,0,1,-6),
	('51c81357490e2','51c18a5e65394','2013-06-24 05:38:04','0000-00-00 00:00:00',1,'Yoyoyoyo','dqwdqwdq','51c813480416d.jpg','fawefewf','wefwefwef','2013-06-24 11:38:00','2013-06-24 06:00:00',213,0,1,-6),
	('51c89353515ce','51c18a5e65394','2013-06-24 14:43:31','0000-00-00 00:00:00',1,'testt','testtt','51c893414d966.jpg','Orlando, FL','123 no where','2013-07-24 20:43:00','2013-06-24 06:00:00',213,0,0,-6),
	('51c893801943c','51c18a5e65394','2013-07-03 14:54:44','0000-00-00 00:00:00',1,'12324','123123','51d21dcb3a75f.jpg','Orlando','123 no where','2013-07-10 08:47:00','2013-07-02 08:45:00',1234,0,0,0),
	('51cb6d0204153','51c18a5e65394','2013-06-26 19:22:59','0000-00-00 00:00:00',1,'test test','fewfwef','51cb6cf7d5395.jpg','grege','egrgerg','2013-06-26 06:00:00','2013-06-26 06:00:00',324,0,1,-6),
	('51cb830de919c','51cb80c5a4707','2013-06-27 10:07:55','0000-00-00 00:00:00',1,'fwefff','Sum up your party in 200 characters. Try to describe what you plan kind of party it is, if there is a theme, what you plan on doing, and what you will spend the money on. (drinks, food, games, ect.)','51cb82ddcda05.jpg','grege','fewfwef','2013-06-27 02:15:00','2013-06-26 06:00:00',321,0,1,-6),
	('51d2234a65704','51c18a5e65394','2013-07-01 21:06:19','0000-00-00 00:00:00',1,'ewfwef','wefwefewf','51d21e0f80889.jpg','Atlanta, GA','gergerger','2013-07-02 04:00:00','2013-07-11 02:48:00',1231,0,0,0),
	('51d22445bf3d7','51c18a5e65394','2013-07-01 20:56:32','0000-00-00 00:00:00',1,'fewfewf','fwefewfwef','51d2242b3e764.jpg','ewewfewf','wefewfwef','2013-07-02 02:52:00','2013-07-01 06:00:00',123,0,1,-6),
	('51d230be2fd5c','51c18a5e65394','2013-07-01 21:51:55','0000-00-00 00:00:00',1,'fewfewf','fwefewfwef','51d2242b3e764.jpg','ewewfewf','wefewfwef','2013-07-02 03:49:00','2013-07-01 06:00:00',123,0,1,-6),
	('51d506cc10dae','51c18a5e65394','0000-00-00 00:00:00','0000-00-00 00:00:00',1,'testtt','Sum up your party in 200 characters. Try to describe what you plan kind of party it is, if there is a theme, what you plan on doing, and what you will spend the money on. (drinks, food, games, ect.)','51d506ba9e6d4.jpg','fwefewf','wefwefewf','2013-07-04 11:23:00','2013-07-04 06:00:00',324,0,1,-6),
	('51d5b4e12bac7','51c18a5e65394','0000-00-00 00:00:00','0000-00-00 00:00:00',1,'testtt','Sum up your party in 200 characters. Try to describe what you plan kind of party it is, if there is a theme, what you plan on doing, and what you will spend the money on. (drinks, food, games, ect.)','51d5b4bedfa6f.jpg','ewfewf','fewfefwef','2013-07-04 22:45:00','2013-07-04 06:00:00',123,0,1,-6),
	('51d5b5e6ab242','51c18a5e65394','0000-00-00 00:00:00','0000-00-00 00:00:00',1,'Another test','wefewfwf','51d65854ed75d.jpg','ewfewfew','wfewfwef','2013-07-06 15:00:00','2013-07-04 19:49:00',21313,0,1,-6),
	('51d5b63826a2b','51d5b6052116b','0000-00-00 00:00:00','0000-00-00 00:00:00',1,'fwefwefew','ewfwefewf','51d5b62b478f3.jpg','wefewfew','wefwefwef','2013-07-06 19:51:00','2013-07-04 06:00:00',2342,0,1,-6),
	('51d5c6604bb2e','51d5b6052116b','0000-00-00 00:00:00','0000-00-00 00:00:00',1,'testtttttt','um up your party in 200 characters. Try to describe what you plan kind of party it is, if there is a theme, what you plan on doing, and what you will spend the money on. (drinks, food, games, ect.)','51d5c651da467.jpg','efwfwf','wefwefw','2013-07-31 06:00:00','2013-07-04 06:00:00',123,0,0,-6),
	('51d8d62daea1c','51c18a5e65394','0000-00-00 00:00:00','0000-00-00 00:00:00',1,'wefewfew','efwefwefwef','51d8d484cba9a.jpg','ewfew','wefwfwef','2013-07-06 06:00:00','2013-07-06 06:00:00',234,0,1,-6),
	('51d8d64d38f78','51c18a5e65394','0000-00-00 00:00:00','0000-00-00 00:00:00',1,'fwefwef','fwefwefwef','51d8d646f1902.jpg','ewfew','wefwfwef','2013-07-06 06:00:00','2013-07-06 06:00:00',234,0,1,-6),
	('51da1177a3a95','51c18a5e65394','0000-00-00 00:00:00','0000-00-00 00:00:00',1,'helllooo','Sum up your party in 200 characters. Try to describe what you plan kind of party it is, if there is a theme, what you plan on doing, and what you will spend the money on. (drinks, food, games, ect.)','51da11625904d.jpg','fewfwef','wfeefewf23','2013-07-07 06:00:00','2013-07-07 06:00:00',123,0,1,-6),
	('51da5a9782d1e','51d5b6052116b','0000-00-00 00:00:00','0000-00-00 00:00:00',1,'hellooo','Sum up your party in 200 characters. Try to describe what you plan kind of party it is, if there is a theme, what you plan on doing, and what you will spend the money on. (drinks, food, games, ect.)','51da5a84e886f.jpg','fwefewfe','wefwefwe','2013-07-08 10:22:00','2013-07-08 06:00:00',1231,0,1,-6);

/*!40000 ALTER TABLE `parties` ENABLE KEYS */;
UNLOCK TABLES;


# Dump of table party_comments
# ------------------------------------------------------------

DROP TABLE IF EXISTS `party_comments`;

CREATE TABLE `party_comments` (
  `party_comment_id` varchar(13) NOT NULL DEFAULT '',
  `party_id` varchar(13) DEFAULT NULL,
  `poster_id` varchar(13) DEFAULT NULL,
  `party_comment` varchar(400) DEFAULT '',
  `comment_date` timestamp NULL DEFAULT '0000-00-00 00:00:00',
  PRIMARY KEY (`party_comment_id`),
  KEY `party_id` (`party_id`),
  KEY `poster_id` (`poster_id`),
  CONSTRAINT `party_comments_ibfk_1` FOREIGN KEY (`party_id`) REFERENCES `parties` (`party_id`),
  CONSTRAINT `party_comments_ibfk_2` FOREIGN KEY (`poster_id`) REFERENCES `users` (`user_id`)
) ENGINE=InnoDB DEFAULT CHARSET=latin1;

LOCK TABLES `party_comments` WRITE;
/*!40000 ALTER TABLE `party_comments` DISABLE KEYS */;

INSERT INTO `party_comments` (`party_comment_id`, `party_id`, `poster_id`, `party_comment`, `comment_date`)
VALUES
	('51cad758575ea','51c006c814208','51c18a5e65394','hyoyooy','2013-06-26 00:00:00'),
	('51cad7908ad9e','51c006c814208','51c18a5e65394','tes test','2013-06-26 00:00:00'),
	('51cad93707539','51c54837183af','51c18a5e65394','hello hello hello hello hello hello hello hello hello hello hello hello hello hello hello hello hello hello hello','2013-06-26 00:00:00'),
	('51cad93b250b0','51c54837183af','51c18a5e65394','hello','2013-06-26 00:00:00'),
	('51cad93ed127c','51c54837183af','51c18a5e65394','hiiii','2013-06-26 00:00:00'),
	('51cade210ff76','51c006c814208','51c18a5e65394','yayaya','2013-06-26 00:00:00'),
	('51cadeaea3682','51c228fc5cbd1','51a6f29fa6c82','hellloo','2013-06-26 00:00:00'),
	('51cadebea1a44','51c228fc5cbd1','51a6f29fa6c82','yedewferwf','2013-06-26 00:00:00'),
	('51cadec2825f5','51c228fc5cbd1','51a6f29fa6c82','moreeee','2013-06-26 00:00:00'),
	('51caded0673d1','51c228fc5cbd1','51a6f29fa6c82','Sum up yourself in 145 characters. This short description about yourself will be the first impression that potential party donators will see.Sum up yourself in 145 characters. This short description about yourself will be the first impression that potential party donators will see.','2013-06-26 00:00:00'),
	('51cb0c96aed36','51c89353515ce','51c18a5e65394','Hello World','2013-06-26 00:00:00'),
	('51d478b78f980','51c40a7d229cc','51c18a5e65394','hellloooo','2013-07-03 00:00:00'),
	('51d49b5d97088','51adbd2cb05f6','51c18a5e65394','hello','2013-07-03 11:45:01'),
	('51d49b6f16202','51adbd2cb05f6','51c18a5e65394','Sum up yourself in 145 characters. This short description about yourself will be the first impression that potential party donators will see. Sum up yourself in 145 characters. This','2013-07-03 11:45:19'),
	('51d4f4d42d8d9','51c893801943c','51c18a5e65394','wefwefwef','2013-07-04 06:06:44'),
	('51d5c4c478462','51d5b5e6ab242','51d5b6052116b','wefewfwe','2013-07-04 08:53:56'),
	('51d5c5314abd3','51d5b5e6ab242','51d5b6052116b','wefwe','2013-07-04 08:55:45'),
	('51d5e2c159fef','51d5b63826a2b','51d5b6052116b','helloo','2013-07-04 11:01:53'),
	('51da3d3ab8a49','51d5c6604bb2e','51c18a5e65394','ewfwefwef','2013-07-08 06:16:58'),
	('51da3d70a12e6','51d5c6604bb2e','51c18a5e65394','wefewfwefwef','2013-07-08 06:17:52'),
	('51da3d81e36dc','51d5c6604bb2e','51c18a5e65394','yooo','2013-07-08 06:18:09'),
	('51da45196e61b','51d5c6604bb2e','51c18a5e65394','dewdqw','2013-07-08 06:50:33'),
	('51da45bd41dec','51c893801943c','51c18a5e65394','2rewfew','2013-07-08 06:53:17'),
	('51da476ba455d','51c893801943c','51c18a5e65394','fwefewf','2013-07-08 07:00:27'),
	('51da479cc077d','51c893801943c','51c18a5e65394','fewfwef','2013-07-08 07:01:16'),
	('51da47a749732','51c893801943c','51c18a5e65394','wefewfwef','2013-07-08 07:01:27'),
	('51da47c12b119','51c893801943c','51c18a5e65394','efefew','2013-07-08 07:01:53'),
	('51da47f582718','51c893801943c','51c18a5e65394','wefewfwef','2013-07-08 07:02:45'),
	('51da4805a0667','51c893801943c','51c18a5e65394','wefwefwe','2013-07-08 07:03:01'),
	('51da48236b83e','51c893801943c','51c18a5e65394','hello','2013-07-08 07:03:31'),
	('51da485b677b3','51c893801943c','51c18a5e65394','fewfewfwef','2013-07-08 07:04:27'),
	('51da49876eb4d','51d5c6604bb2e','51c18a5e65394','fewfewfew','2013-07-08 07:09:27'),
	('51da4a361b77b','51d5c6604bb2e','51c18a5e65394','ewfewfewf','2013-07-08 07:12:22'),
	('51da4bc45d4b0','51d5c6604bb2e','51c18a5e65394','ewfwefewfewf','2013-07-08 07:19:00'),
	('51da4bc7df711','51d5c6604bb2e','51c18a5e65394','fewewfwef','2013-07-08 07:19:03'),
	('51da4c5dd75d7','51d5c6604bb2e','51c18a5e65394','ewfewf','2013-07-08 07:21:33'),
	('51da4c61dc4c5','51d5c6604bb2e','51c18a5e65394','fwefwef','2013-07-08 07:21:37'),
	('51da4c66547f3','51d5c6604bb2e','51c18a5e65394','hellooo','2013-07-08 07:21:42'),
	('51da4c9715ce7','51d5c6604bb2e','51c18a5e65394','wefwef','2013-07-08 07:22:31'),
	('51da4ca63bc34','51d5c6604bb2e','51c18a5e65394','wefwef','2013-07-08 07:22:46'),
	('51da4caa24ebf','51d5c6604bb2e','51c18a5e65394','weewf','2013-07-08 07:22:50'),
	('51da4cad3945b','51d5c6604bb2e','51c18a5e65394','dwwdw','2013-07-08 07:22:53'),
	('51da4cfecce33','51d5c6604bb2e','51c18a5e65394','fwefewf','2013-07-08 07:24:14'),
	('51da51728c2b5','51d5c6604bb2e','51c18a5e65394','howddyyy','2013-07-08 07:43:14'),
	('51da51e381f99','51d5c6604bb2e','51c18a5e65394','fewfwefwe','2013-07-08 07:45:07'),
	('51da51e60f6a1','51d5c6604bb2e','51c18a5e65394','ddwdwd','2013-07-08 07:45:10'),
	('51da520a71231','51d5c6604bb2e','51c18a5e65394','aaaaaaaa','2013-07-08 07:45:46'),
	('51da520d35165','51d5c6604bb2e','51c18a5e65394','vvvv','2013-07-08 07:45:49'),
	('51da521013986','51d5c6604bb2e','51c18a5e65394','bbbbbbbb','2013-07-08 07:45:52'),
	('51da521334688','51d5c6604bb2e','51c18a5e65394','zzzzzzzzz','2013-07-08 07:45:55'),
	('51da5568c32ca','51a7d8e5d094f','51c18a5e65394','yowef','2013-07-08 08:00:08'),
	('51da55823513e','51d5c6604bb2e','51c18a5e65394','hello','2013-07-08 08:00:34'),
	('51da5597dac8d','51a7d833ef05d','51c18a5e65394','hiii','2013-07-08 08:00:55'),
	('51da55b0e7e99','51a7d833ef05d','51c18a5e65394','fwefewf','2013-07-08 08:01:20'),
	('51da563d65105','51a7d833ef05d','51c18a5e65394','fwefwef','2013-07-08 08:03:41'),
	('51da5653b240a','51a7d833ef05d','51c18a5e65394','hiiii','2013-07-08 08:04:03'),
	('51da576c664db','51a7d9e524c6a','51c18a5e65394','ewfewfwef','2013-07-08 08:08:44'),
	('51da5c3f6f897','51c893801943c','51d5b6052116b','wefwefwe','2013-07-08 08:29:19');

/*!40000 ALTER TABLE `party_comments` ENABLE KEYS */;
UNLOCK TABLES;


# Dump of table updates
# ------------------------------------------------------------

DROP TABLE IF EXISTS `updates`;

CREATE TABLE `updates` (
  `update_id` varchar(13) NOT NULL DEFAULT '',
  `party_id` varchar(13) NOT NULL,
  `update_title` varchar(25) DEFAULT NULL,
  `update` varchar(1000) DEFAULT NULL,
  `update_date` timestamp NULL DEFAULT '0000-00-00 00:00:00',
  PRIMARY KEY (`update_id`),
  KEY `user_id` (`party_id`),
  CONSTRAINT `update_ibfk_1` FOREIGN KEY (`party_id`) REFERENCES `parties` (`party_id`) ON DELETE CASCADE ON UPDATE CASCADE
) ENGINE=InnoDB DEFAULT CHARSET=latin1;

LOCK TABLES `updates` WRITE;
/*!40000 ALTER TABLE `updates` DISABLE KEYS */;

INSERT INTO `updates` (`update_id`, `party_id`, `update_title`, `update`, `update_date`)
VALUES
	('51d47dfe78bb2','51c40a7d229cc','hello','Updates are used to inform your party attendees about any changes that may occur during the planning of the party. Remember, anytime you update your party information or details it will automatically be shared as an update to your party attendees.','2013-07-03 00:00:00'),
	('51d47ea803994','51c40a7d229cc','wefewf','wefwewe','2013-07-03 15:42:32'),
	('51d47eea2c7a5','51c40a7d229cc','dewdew','dqwdqwdqw','2013-07-03 09:43:38'),
	('51d4f52f12b89','51c893801943c','qwdqwd','qwdqwdqwdqwd','2013-07-04 06:08:15'),
	('51d62466a0f99','51c22b5debf6d','testtttt','Updates are used to inform your party attendees about any changes that may occur during the planning of the party. Remember, anytime you update your party information or details it will automatically be shared as an update to your party attendees','2013-07-05 03:41:58');

/*!40000 ALTER TABLE `updates` ENABLE KEYS */;
UNLOCK TABLES;


# Dump of table user_comments
# ------------------------------------------------------------

DROP TABLE IF EXISTS `user_comments`;

CREATE TABLE `user_comments` (
  `user_comment_id` varchar(13) NOT NULL DEFAULT '',
  `user_id` varchar(13) DEFAULT NULL,
  `poster_id` varchar(13) DEFAULT NULL,
  `user_comment` varchar(400) DEFAULT '',
  `comment_date` timestamp NULL DEFAULT NULL,
  PRIMARY KEY (`user_comment_id`),
  KEY `user_id` (`user_id`),
  KEY `poster_id` (`poster_id`),
  CONSTRAINT `comments_ibfk_1` FOREIGN KEY (`user_id`) REFERENCES `users` (`user_id`),
  CONSTRAINT `comments_ibfk_2` FOREIGN KEY (`poster_id`) REFERENCES `users` (`user_id`)
) ENGINE=InnoDB DEFAULT CHARSET=latin1;

LOCK TABLES `user_comments` WRITE;
/*!40000 ALTER TABLE `user_comments` DISABLE KEYS */;

INSERT INTO `user_comments` (`user_comment_id`, `user_id`, `poster_id`, `user_comment`, `comment_date`)
VALUES
	('51d4f2af7a344','51d467d2864c8','51c18a5e65394','fewfwef','2013-07-04 05:57:35'),
	('51d5a73cc2bea','51ad8c6b77abc','51c18a5e65394','ewfwef','2013-07-04 06:47:56'),
	('51d5aeaf591b1','51ad8c6b77abc','51c18a5e65394','helllooo','2013-07-04 07:19:43'),
	('51d5aef721283','51ad8c6b77abc','51c18a5e65394','efwefewf','2013-07-04 07:20:55'),
	('51d5c5f9e4216','51d5b6052116b','51d5b6052116b','fwefwef','2013-07-04 08:59:05'),
	('51d5c5fd39c7a','51d5b6052116b','51d5b6052116b','fewfewf','2013-07-04 08:59:09'),
	('51d5c6060b8c1','51d5b6052116b','51d5b6052116b','qwewqdas','2013-07-04 08:59:18'),
	('51da1f363fa9b','51c18a5e65394','51c18a5e65394','wefwefwef','2013-07-08 04:08:54'),
	('51da1f8c25e7a','51c18a5e65394','51c18a5e65394','fewfew','2013-07-08 04:10:20'),
	('51da1f90d4402','51c18a5e65394','51c18a5e65394','fwefewfwf','2013-07-08 04:10:24'),
	('51da20c751012','51c18a5e65394','51c18a5e65394','hello','2013-07-08 04:15:35'),
	('51da3082645ef','51adb4bb24fb6','51c18a5e65394','Sum up yourself in 145 characters. This short description about yourself will be the first impression that potential party donators will see.','2013-07-08 05:22:42'),
	('51da312a682ef','51adb4bb24fb6','51c18a5e65394','fewfwefwef','2013-07-08 05:25:30'),
	('51da31469e548','51adb4bb24fb6','51c18a5e65394','fwefwefwef','2013-07-08 05:25:58'),
	('51da31639ae64','51adb4bb24fb6','51c18a5e65394','fwefwef','2013-07-08 05:26:27'),
	('51da318a11ac0','51adb4bb24fb6','51c18a5e65394','wefwefwef','2013-07-08 05:27:06'),
	('51da31a25378f','51adb4bb24fb6','51c18a5e65394','fewfwef','2013-07-08 05:27:30'),
	('51da31a75ab8f','51adb4bb24fb6','51c18a5e65394','wefwef','2013-07-08 05:27:35'),
	('51da31b2bf132','51adb4bb24fb6','51c18a5e65394','wefewf','2013-07-08 05:27:46'),
	('51da31cc67ee8','51adb4bb24fb6','51c18a5e65394','wefwef','2013-07-08 05:28:12'),
	('51da31d62f5f6','51adb4bb24fb6','51c18a5e65394','fwefwef','2013-07-08 05:28:22'),
	('51da31f21a840','51adb4bb24fb6','51c18a5e65394','fwfewfwe','2013-07-08 05:28:50'),
	('51da31f76d659','51adb4bb24fb6','51c18a5e65394','weeeee','2013-07-08 05:28:55'),
	('51da32045fa23','51adb4bb24fb6','51c18a5e65394','fwefewfwef','2013-07-08 05:29:08'),
	('51da320f38de0','51adb4bb24fb6','51c18a5e65394','fwefewf','2013-07-08 05:29:19'),
	('51da3211b00ec','51adb4bb24fb6','51c18a5e65394','fwefwef','2013-07-08 05:29:21'),
	('51da3217d1587','51adb4bb24fb6','51c18a5e65394','ewfewfwef','2013-07-08 05:29:27'),
	('51da338fc3aab','51c18a5e65394','51c18a5e65394','wefwefwef','2013-07-08 05:35:43'),
	('51da3516e5cc4','51ad911c2a6bd','51c18a5e65394','fwewef','2013-07-08 05:42:14'),
	('51da366893868','51ad911c2a6bd','51c18a5e65394','ewfwef','2013-07-08 05:47:52'),
	('51da367849246','51ad911c2a6bd','51c18a5e65394','wefwefw','2013-07-08 05:48:08'),
	('51da495009a6d','51ad911c2a6bd','51c18a5e65394','hellooo','2013-07-08 07:08:32'),
	('51da5c2bcb819','51a6f29fa6c82','51d5b6052116b','fwefwefwef','2013-07-08 08:28:59'),
	('51da634a06083','51a6f29fa6c82','51c18a5e65394','klnjn','2013-07-08 08:59:22'),
	('51db375478bf0','51c18a5e65394','51c18a5e65394','hihihihih','2013-07-09 12:04:04'),
	('51db3fa36e36d','51c18a5e65394','51c18a5e65394','Hellooo ewifn fwIJ','2013-07-09 12:39:31'),
	('51dc83693a6c3','51c18a5e65394','51c18a5e65394','jhbjhbjh','2013-07-09 11:40:57');

/*!40000 ALTER TABLE `user_comments` ENABLE KEYS */;
UNLOCK TABLES;


# Dump of table user_views
# ------------------------------------------------------------

DROP TABLE IF EXISTS `user_views`;

CREATE TABLE `user_views` (
  `view_id` varchar(13) NOT NULL DEFAULT '',
  `user1_id` varchar(13) DEFAULT NULL,
  `user2_id` varchar(13) DEFAULT NULL,
  PRIMARY KEY (`view_id`),
  KEY `user1_id` (`user1_id`),
  KEY `user2_id` (`user2_id`),
  CONSTRAINT `user_views_ibfk_1` FOREIGN KEY (`user1_id`) REFERENCES `users` (`user_id`),
  CONSTRAINT `user_views_ibfk_2` FOREIGN KEY (`user2_id`) REFERENCES `users` (`user_id`)
) ENGINE=InnoDB DEFAULT CHARSET=latin1;

LOCK TABLES `user_views` WRITE;
/*!40000 ALTER TABLE `user_views` DISABLE KEYS */;

INSERT INTO `user_views` (`view_id`, `user1_id`, `user2_id`)
VALUES
	('51d8c2f0035ac','51c18a5e65394','51a6f29fa6c82'),
	('51d8c399bac34','51c18a5e65394','51c2a86fdb7f5'),
	('51d8c3d92740a','51c18a5e65394','51d5b6052116b'),
	('51d8c6513fca3','51c18a5e65394','51ad911c2a6bd'),
	('51d8c65b2f097','51c18a5e65394','51adb4bb24fb6'),
	('51d8c65cd138f','51c18a5e65394','51c2dd1768f27'),
	('51d8c65ebc0e1','51c18a5e65394','51cb80c5a4707'),
	('51d8c6603955a','51c18a5e65394','51cb4c89203b3'),
	('51d8c9359dcce','51c18a5e65394','51ad8c6b77abc'),
	('51d8db3722991','51c18a5e65394','51d467d2864c8'),
	('51d8db3a1febc','51c18a5e65394','51d47f6896087'),
	('51da11ba5070d','51c18a5e65394','51cafabe1f64e'),
	('51da5270455ec','51c18a5e65394','51c2b8246a788'),
	('51da554f2ca8d','51c18a5e65394','51c14dda56f23'),
	('51da5b2606e05','51d5b6052116b','51a6f29fa6c82');

/*!40000 ALTER TABLE `user_views` ENABLE KEYS */;
UNLOCK TABLES;


# Dump of table users
# ------------------------------------------------------------

DROP TABLE IF EXISTS `users`;

CREATE TABLE `users` (
  `user_id` varchar(13) NOT NULL DEFAULT '',
  `email` varchar(100) DEFAULT NULL,
  `username` varchar(20) DEFAULT NULL,
  `pword` varchar(32) DEFAULT NULL,
  `date_of_reg` timestamp NOT NULL DEFAULT '0000-00-00 00:00:00',
  `profile_img` varchar(32) DEFAULT NULL,
  `facebook_id` int(30) DEFAULT NULL,
  `twitter_id` int(30) DEFAULT NULL,
  `user_ip` int(11) DEFAULT NULL,
  `bio` varchar(145) DEFAULT NULL,
  `location` varchar(100) DEFAULT NULL,
  `timezone` decimal(5,0) DEFAULT NULL,
  `feedback` int(11) DEFAULT NULL,
  `views` int(11) DEFAULT NULL,
  `comments` int(11) DEFAULT NULL,
  `contributions` int(11) DEFAULT NULL,
  `parties` int(11) DEFAULT NULL,
  PRIMARY KEY (`user_id`)
) ENGINE=InnoDB DEFAULT CHARSET=latin1;

LOCK TABLES `users` WRITE;
/*!40000 ALTER TABLE `users` DISABLE KEYS */;

INSERT INTO `users` (`user_id`, `email`, `username`, `pword`, `date_of_reg`, `profile_img`, `facebook_id`, `twitter_id`, `user_ip`, `bio`, `location`, `timezone`, `feedback`, `views`, `comments`, `contributions`, `parties`)
VALUES
	('51a6f29fa6c82','kolby123@kolby.com','Kolby','4b18abc8189e9e20b7ce629ecbb1ba52','2013-05-30 00:00:00','51bc0a374efbc.jpg',NULL,NULL,0,'Sum up yourself in 145 characters. This short description about yourself will be the first impression that potential party donators will see.','Orlando, Fl',0,2,5,12,1,9),
	('51ad8c6b77abc','kolby2.sisk@gmail.com','kolby','4b18abc8189e9e20b7ce629ecbb1ba52','2013-06-04 00:00:00','51b3995dbd004.jpg',NULL,NULL,0,'fwef\n','afwefefweq',0,0,1,0,0,0),
	('51ad911c2a6bd','kolby3.sisk@gmail.com','kolby3','4b18abc8189e9e20b7ce629ecbb1ba52','2013-06-04 00:00:00',NULL,NULL,NULL,0,NULL,NULL,0,0,1,0,0,0),
	('51adb4bb24fb6','kolby4.sisk@gmail.com','kolby','4b18abc8189e9e20b7ce629ecbb1ba52','2013-06-04 00:00:00','51bc1252be283.jpg',NULL,NULL,0,'Sum up yourself in 145 characters. This short description about yourself will be the first impression that potential party donators will see.','',0,0,1,0,0,0),
	('51c14dda56f23','kolby.sisk@gmail.com','kolby.sisk',NULL,'2013-06-19 00:00:00','51c14e079be18.png',1028820601,NULL,0,'','Orlando, Flor',0,0,1,0,0,0),
	('51c18a5e65394',NULL,'KolbySisk',NULL,'2013-06-19 00:00:00','51d488db03e78.jpg',NULL,708143798,0,'Sum up yourself in 145 characters. This short description about yourself will be the first impression that potential party donators will see.','Winter Park, FL',-6,0,0,78,0,5),
	('51c2a5da66972','kolbya.sisk@gmail.com','kolbya','4b18abc8189e9e20b7ce629ecbb1ba52','2013-06-20 00:00:00',NULL,NULL,NULL,0,NULL,NULL,0,0,0,0,0,0),
	('51c2a86fdb7f5','kolbyb.sisk@gmail.com','kolbyb','4b18abc8189e9e20b7ce629ecbb1ba52','2013-06-20 00:00:00',NULL,NULL,NULL,0,NULL,NULL,0,0,1,0,0,0),
	('51c2a88e99624','kolbyc.sisk@gmail.com','kolbyc','4b18abc8189e9e20b7ce629ecbb1ba52','2013-06-20 00:00:00',NULL,NULL,NULL,0,NULL,NULL,0,0,0,0,0,0),
	('51c2a9a8aebc5','kolbyd.sisk@gmail.com','kolbyd','4b18abc8189e9e20b7ce629ecbb1ba52','2013-06-20 00:00:00',NULL,NULL,NULL,0,NULL,NULL,0,0,0,0,0,0),
	('51c2b8246a788','kolbye.sisk@gmail.com','kolbye','4b18abc8189e9e20b7ce629ecbb1ba52','2013-06-20 00:00:00',NULL,NULL,NULL,0,NULL,NULL,NULL,0,1,0,0,0),
	('51c2dd1768f27',NULL,'thebeerbucks',NULL,'2013-06-20 00:00:00','51ccd078440f8.jpg',NULL,1444671476,0,'This short description about yourself will be the first impression that potential party donators will see.','Orlanod, FL',0,0,1,0,0,0),
	('51c5712ca9baf','bob@bob.com','anewguy','e8557d12f6551b2ddd26bbdd0395465c','2013-06-22 00:00:00',NULL,NULL,NULL,0,NULL,NULL,NULL,0,0,0,0,0),
	('51c6d1d97dc4b','newone@new.com','newone','e3b81d385ca4c26109dfbda28c563e2b','2013-06-23 00:00:00',NULL,NULL,NULL,0,NULL,NULL,NULL,0,0,0,0,0),
	('51c851e0cc348',NULL,'testtes71503090',NULL,'2013-06-24 00:00:00','51c851dfeda0f.png',NULL,1543375915,0,NULL,NULL,NULL,0,0,0,0,0),
	('51cafabe1f64e','kolbyk@gmail.com','kolbyk','4b18abc8189e9e20b7ce629ecbb1ba52','2013-06-26 00:00:00',NULL,NULL,NULL,0,NULL,NULL,NULL,0,1,0,0,0),
	('51caff454a56d','kolbyz@gmail.com','kolbyz','4b18abc8189e9e20b7ce629ecbb1ba52','2013-06-26 00:00:00',NULL,NULL,NULL,0,NULL,NULL,NULL,0,0,0,0,0),
	('51cb4c89203b3','kolbyewe@dfewf.com','kolby2412','4b18abc8189e9e20b7ce629ecbb1ba52','2013-06-26 00:00:00',NULL,NULL,NULL,0,NULL,NULL,NULL,0,1,0,0,0),
	('51cb80c5a4707','fewfewf@fwefe.com','fewfwef','4b18abc8189e9e20b7ce629ecbb1ba52','2013-06-27 00:00:00',NULL,NULL,NULL,0,NULL,NULL,NULL,0,1,0,0,0),
	('51ce0161245be','kolby.sisk@gmai1l.com','kolby12354','4b18abc8189e9e20b7ce629ecbb1ba52','2013-06-28 00:00:00',NULL,NULL,NULL,0,NULL,NULL,NULL,0,0,0,0,0),
	('51d467d2864c8','kolby88@hotmail.com','kolby88','4b18abc8189e9e20b7ce629ecbb1ba52','2013-07-03 00:00:00',NULL,NULL,NULL,0,NULL,NULL,NULL,0,1,0,0,0),
	('51d47f6896087','bobbb@bob.com','bobbbb','3902aaa840c947e83e43a78f83be8d95','2013-07-03 09:45:44',NULL,NULL,NULL,0,NULL,NULL,NULL,0,1,0,0,0),
	('51d4d290df72c','kolbya1@kolby.com','kolbya1','4b18abc8189e9e20b7ce629ecbb1ba52','2013-07-04 03:40:32',NULL,NULL,NULL,0,NULL,NULL,NULL,0,0,0,0,0),
	('51d4d2a2b0814','kolbya2@kolby.com','kolbya2','4b18abc8189e9e20b7ce629ecbb1ba52','2013-07-04 03:40:50',NULL,NULL,NULL,0,NULL,NULL,NULL,0,0,0,0,0),
	('51d5b6052116b','bobob@bob.com','bobob','3902aaa840c947e83e43a78f83be8d95','2013-07-04 07:51:01',NULL,NULL,NULL,0,NULL,NULL,NULL,0,1,6,0,3);

/*!40000 ALTER TABLE `users` ENABLE KEYS */;
UNLOCK TABLES;



/*!40111 SET SQL_NOTES=@OLD_SQL_NOTES */;
/*!40101 SET SQL_MODE=@OLD_SQL_MODE */;
/*!40014 SET FOREIGN_KEY_CHECKS=@OLD_FOREIGN_KEY_CHECKS */;
/*!40101 SET CHARACTER_SET_CLIENT=@OLD_CHARACTER_SET_CLIENT */;
/*!40101 SET CHARACTER_SET_RESULTS=@OLD_CHARACTER_SET_RESULTS */;
/*!40101 SET COLLATION_CONNECTION=@OLD_COLLATION_CONNECTION */;
